{
  "current_stage": 2,
  "current_idx": 0,
  "global_episode": 200,
  "patience_counter": 0,
  "episode_counts": {
    "1L2Y": 105,
    "1YRF": 95,
    "1VII": 0,
    "2GB1": 0,
    "1ENH": 0,
    "1UBQ": 0,
    "1BDD": 0,
    "2HHB": 0
  },
  "rmsd_history": {
    "1L2Y": [
      18.52537727355957,
      23.410995483398438,
      21.573781967163086,
      13.488668441772461,
      18.58701515197754,
      27.744230270385742,
      13.956026077270508,
      9.406697273254395,
      23.650632858276367,
      17.688005447387695
    ],
    "1YRF": [
      36.16840744018555,
      15.76613998413086,
      28.171401977539062,
      28.455265045166016,
      20.015735626220703,
      19.57879066467285,
      30.54285430908203,
      14.590689659118652,
      38.75452423095703,
      23.50766372680664
    ],
    "1VII": [],
    "2GB1": [],
    "1ENH": [],
    "1UBQ": [],
    "1BDD": [],
    "2HHB": []
  },
  "advancement_log": [
    {
      "global_episode": 100,
      "from": "1L2Y",
      "to": "1YRF",
      "stage": 1,
      "reason": "patience"
    },
    {
      "global_episode": 200,
      "from": "1YRF",
      "to": "1VII",
      "stage": 2,
      "reason": "patience"
    }
  ]
}